{
    "irs": {
        "es-en": {
            "chrf++": 72.50277648923633,
            "term_acc": 0.8490706319702602
        },
        "en-es": {
            "chrf++": 51.68096675415793,
            "term_acc": 0.5908415841584158
        },
        "kr-en": {
            "chrf++": 44.09364490159945,
            "term_acc": 0.6381598348569744
        },
        "en-kr": {
            "chrf++": 31.991758603179566,
            "term_acc": 0.5033913299911531
        },
        "ru-en": {
            "chrf++": 52.53488903858727,
            "term_acc": 0.8076923076923077
        },
        "en-ru": {
            "chrf++": 48.14454677196509,
            "term_acc": 0.6577301161751564
        },
        "vi-en": {
            "chrf++": 64.93987638768166,
            "term_acc": 0.7211784799316823
        },
        "en-vi": {
            "chrf++": 55.872076171623775,
            "term_acc": 0.5412863510931861
        },
        "zh_s-en": {
            "chrf++": 59.4338617325162,
            "term_acc": 0.7334983498349835
        },
        "en-zh_s": {
            "chrf++": 23.93247466333673,
            "term_acc": 0.5451559934318555
        },
        "zh_t-en": {
            "chrf++": 61.71443717156004,
            "term_acc": 0.7759834368530021
        },
        "en-zh_t": {
            "chrf++": 15.858103063751022,
            "term_acc": 0.36779242174629323
        },
        "ht-en": {
            "chrf++": 52.77520812404013,
            "term_acc": 0.6490566037735849
        },
        "en-ht": {
            "chrf++": 40.233535964545126,
            "term_acc": 0.3471698113207547
        }
    },
    "cfpb": {
        "es-en": {
            "chrf++": 71.85154019233686,
            "term_acc": 0.9077540106951871
        },
        "en-es": {
            "chrf++": 51.65403190801632,
            "term_acc": 0.6569148936170213
        },
        "kr-en": {
            "chrf++": 42.415682479193926,
            "term_acc": 0.6264090177133655
        },
        "en-kr": {
            "chrf++": 30.93727483097966,
            "term_acc": 0.5268214571657326
        },
        "ru-en": {
            "chrf++": 53.61967611921538,
            "term_acc": 0.7992021276595744
        },
        "en-ru": {
            "chrf++": 49.384954757726206,
            "term_acc": 0.7038258575197889
        },
        "vi-en": {
            "chrf++": 64.94057977814089,
            "term_acc": 0.8172004318100036
        },
        "en-vi": {
            "chrf++": 55.91279519305776,
            "term_acc": 0.7581279028224366
        },
        "zh_s-en": {
            "chrf++": -1,
            "term_acc": -1
        },
        "en-zh_s": {
            "chrf++": -1,
            "term_acc": -1
        },
        "zh_t-en": {
            "chrf++": 61.49629169840081,
            "term_acc": 0.9013888888888889
        },
        "en-zh_t": {
            "chrf++": 15.518380475911695,
            "term_acc": 0.6101108033240997
        },
        "ht-en": {
            "chrf++": 51.74905573057188,
            "term_acc": 0.6428571428571429
        },
        "en-ht": {
            "chrf++": 40.570809874893776,
            "term_acc": 0.4714285714285714
        }
    }
}