{
    "irs": {
        "es-en": {
            "chrf++": 73.31481744229694,
            "term_acc": 0.8780669144981412
        },
        "en-es": {
            "chrf++": 60.88874688349076,
            "term_acc": 0.5576732673267327
        },
        "kr-en": {
            "chrf++": -1,
            "term_acc": -1
        },
        "en-kr": {
            "chrf++": -1,
            "term_acc": -1
        },
        "ru-en": {
            "chrf++": 48.1514789073195,
            "term_acc": 0.7030411449016101
        },
        "en-ru": {
            "chrf++": 31.238246949082598,
            "term_acc": 0.3333333333333333
        },
        "vi-en": {
            "chrf++": 46.17674510092766,
            "term_acc": 0.5286080273270709
        },
        "en-vi": {
            "chrf++": 23.45295671682876,
            "term_acc": 0.17066440246232223
        },
        "zh_s-en": {
            "chrf++": 32.88990142936874,
            "term_acc": 0.4298679867986799
        },
        "en-zh_s": {
            "chrf++": 14.47707961714548,
            "term_acc": 0.28201970443349755
        },
        "zh_t-en": {
            "chrf++": 32.75083786136405,
            "term_acc": 0.43850931677018634
        },
        "en-zh_t": {
            "chrf++": -1,
            "term_acc": -1
        },
        "ht-en": {
            "chrf++": 28.246364928890564,
            "term_acc": 0.2641509433962264
        },
        "en-ht": {
            "chrf++": 12.733464683233386,
            "term_acc": 0.011320754716981131
        }
    },
    "cfpb": {
        "es-en": {
            "chrf++": 72.57604619309245,
            "term_acc": 0.910427807486631
        },
        "en-es": {
            "chrf++": 61.10606245972999,
            "term_acc": 0.7420212765957447
        },
        "kr-en": {
            "chrf++": -1,
            "term_acc": -1
        },
        "en-kr": {
            "chrf++": -1,
            "term_acc": -1
        },
        "ru-en": {
            "chrf++": 49.266946883140996,
            "term_acc": 0.692154255319149
        },
        "en-ru": {
            "chrf++": 31.850864774541655,
            "term_acc": 0.32519788918205805
        },
        "vi-en": {
            "chrf++": 44.80224028958686,
            "term_acc": 0.5206908960057575
        },
        "en-vi": {
            "chrf++": 23.532913928702822,
            "term_acc": 0.20936048588781708
        },
        "zh_s-en": {
            "chrf++": -1,
            "term_acc": -1
        },
        "en-zh_s": {
            "chrf++": -1,
            "term_acc": -1
        },
        "zh_t-en": {
            "chrf++": 29.81830351439386,
            "term_acc": 0.4673611111111111
        },
        "en-zh_t": {
            "chrf++": -1,
            "term_acc": -1
        },
        "ht-en": {
            "chrf++": 26.88683092196732,
            "term_acc": 0.2523809523809524
        },
        "en-ht": {
            "chrf++": 12.567350487037428,
            "term_acc": 0.01904761904761905
        }
    }
}