{
    "irs": {
        "es-en": {
            "chrf++": 67.25489904206057,
            "term_acc": 0.7429987608426271
        },
        "en-es": {
            "chrf++": 59.24477704676644,
            "term_acc": 0.5274752475247525
        },
        "kr-en": {
            "chrf++": 45.1619188589425,
            "term_acc": 0.6296077853140667
        },
        "en-kr": {
            "chrf++": 32.157270366509074,
            "term_acc": 0.5375995281627839
        },
        "ru-en": {
            "chrf++": 56.91816367407234,
            "term_acc": 0.759391771019678
        },
        "en-ru": {
            "chrf++": 48.85337273909576,
            "term_acc": 0.6067917783735478
        },
        "vi-en": {
            "chrf++": 64.08004895614894,
            "term_acc": 0.7365499573014518
        },
        "en-vi": {
            "chrf++": 53.950087037953786,
            "term_acc": 0.5268520483973679
        },
        "zh_s-en": {
            "chrf++": 59.30908492820583,
            "term_acc": 0.773102310231023
        },
        "en-zh_s": {
            "chrf++": 23.658822460468414,
            "term_acc": 0.5114942528735632
        },
        "zh_t-en": {
            "chrf++": 62.28063244375412,
            "term_acc": 0.819047619047619
        },
        "en-zh_t": {
            "chrf++": 24.25364926413999,
            "term_acc": 0.4975288303130148
        },
        "ht-en": {
            "chrf++": 26.518482046665675,
            "term_acc": 0.3471698113207547
        },
        "en-ht": {
            "chrf++": 7.292335054386252,
            "term_acc": 0.011320754716981131
        }
    },
    "cfpb": {
        "es-en": {
            "chrf++": 66.54425469573653,
            "term_acc": 0.796457219251337
        },
        "en-es": {
            "chrf++": 59.460242374615355,
            "term_acc": 0.7563164893617021
        },
        "kr-en": {
            "chrf++": 43.79919514623698,
            "term_acc": 0.5974235104669887
        },
        "en-kr": {
            "chrf++": 32.05064278228774,
            "term_acc": 0.6244995996797438
        },
        "ru-en": {
            "chrf++": 57.279956682758616,
            "term_acc": 0.7613031914893617
        },
        "en-ru": {
            "chrf++": 49.24158819571438,
            "term_acc": 0.6523746701846965
        },
        "vi-en": {
            "chrf++": 64.50142965908952,
            "term_acc": 0.7898524649154373
        },
        "en-vi": {
            "chrf++": 54.60247862165058,
            "term_acc": 0.6959628438728117
        },
        "zh_s-en": {
            "chrf++": -1,
            "term_acc": -1
        },
        "en-zh_s": {
            "chrf++": -1,
            "term_acc": -1
        },
        "zh_t-en": {
            "chrf++": 61.69936815727893,
            "term_acc": 0.8847222222222222
        },
        "en-zh_t": {
            "chrf++": 24.344866441710742,
            "term_acc": 0.6821329639889196
        },
        "ht-en": {
            "chrf++": 25.277280373842796,
            "term_acc": 0.3238095238095238
        },
        "en-ht": {
            "chrf++": 7.31532148422809,
            "term_acc": 0.02857142857142857
        }
    }
}