{
    "irs": {
        "es-en": {
            "chrf++": 62.3561064019714,
            "term_acc": 0.7571251548946716
        },
        "en-es": {
            "chrf++": 34.55686274837731,
            "term_acc": 0.39900990099009903
        },
        "kr-en": {
            "chrf++": 49.117806323940336,
            "term_acc": 0.6871129460336184
        },
        "en-kr": {
            "chrf++": 17.417509121352783,
            "term_acc": 0.2901798879386612
        },
        "ru-en": {
            "chrf++": 52.357964674389144,
            "term_acc": 0.7951699463327371
        },
        "en-ru": {
            "chrf++": 20.570288247093146,
            "term_acc": 0.37890974084003576
        },
        "vi-en": {
            "chrf++": 56.015237304941415,
            "term_acc": 0.6842442356959864
        },
        "en-vi": {
            "chrf++": 33.39016310849933,
            "term_acc": 0.4156230099766504
        },
        "zh_s-en": {
            "chrf++": 48.575162638936135,
            "term_acc": 0.6621287128712872
        },
        "en-zh_s": {
            "chrf++": 13.358732767398307,
            "term_acc": 0.3994252873563218
        },
        "zh_t-en": {
            "chrf++": 47.163295575491134,
            "term_acc": 0.6298136645962733
        },
        "en-zh_t": {
            "chrf++": 7.904010011215433,
            "term_acc": 0.21128500823723229
        },
        "ht-en": {
            "chrf++": 57.746977094281945,
            "term_acc": 0.690566037735849
        },
        "en-ht": {
            "chrf++": 28.45433136474377,
            "term_acc": 0.3132075471698113
        }
    },
    "cfpb": {
        "es-en": {
            "chrf++": 62.896413319571955,
            "term_acc": 0.8238636363636364
        },
        "en-es": {
            "chrf++": 32.42528876347357,
            "term_acc": 0.49966755319148937
        },
        "kr-en": {
            "chrf++": 48.01461792928634,
            "term_acc": 0.7334943639291466
        },
        "en-kr": {
            "chrf++": 15.649136592870308,
            "term_acc": 0.2986389111289031
        },
        "ru-en": {
            "chrf++": 52.95817056977167,
            "term_acc": 0.7952127659574468
        },
        "en-ru": {
            "chrf++": 21.522023677296527,
            "term_acc": 0.391820580474934
        },
        "vi-en": {
            "chrf++": 55.50341199997917,
            "term_acc": 0.7657430730478589
        },
        "en-vi": {
            "chrf++": 32.12749769236589,
            "term_acc": 0.5209003215434084
        },
        "zh_s-en": {
            "chrf++": -1,
            "term_acc": -1
        },
        "en-zh_s": {
            "chrf++": -1,
            "term_acc": -1
        },
        "zh_t-en": {
            "chrf++": 45.89778158041517,
            "term_acc": 0.7166666666666667
        },
        "en-zh_t": {
            "chrf++": 7.184245352634927,
            "term_acc": 0.2693905817174515
        },
        "ht-en": {
            "chrf++": 56.45929907226683,
            "term_acc": 0.6857142857142857
        },
        "en-ht": {
            "chrf++": 27.600960508327454,
            "term_acc": 0.3476190476190476
        }
    }
}